bag,gnss_samples,ours_rmse,ours_mae,ours_bias,front_rmse,rear_rmse,mean_rmse,ours_master_rmse,ours_rover_rmse,distance_ref_m,distance_est_m,distance_drift_m,distance_drift_pct
30618_01f73500,24292,0.14508715678727097,0.030473478367221897,-0.01635095465943532,0.15164894601334153,0.15209633039529896,0.15156441081258004,0.1263481288066813,0.25779803873592294,5469.489558314163,5447.679252208003,-21.81030610616017,-0.3987630998034607
30618_0259fe53,0,,,,,,,,,,,,
30618_0652866c,29258,0.03579442423444467,0.025042367307550096,-0.01381088739982686,0.04844311911874601,0.04872049617693543,0.04786392917394633,0.03744784767199993,0.03752410198769456,5645.69122522157,5626.187344908703,-19.503880312866386,-0.34546487816646293
30618_0686195f,23634,0.09169586338685902,0.06846500052591857,-0.0652939871054623,0.10452259948054853,0.10535378314938329,0.10439877257919439,0.09245178197205621,0.09209748278065427,5205.878783899465,5125.58676401211,-80.29201988735531,-1.542333642797817
30618_073f08d1,25480,0.029354787930071468,0.020215244074954702,-0.007525421557412069,0.043209267717334784,0.043472511557391944,0.04264898211423647,0.03054883020572722,0.0320024597191548,5425.915137033831,5416.732266448878,-9.18287058495298,-0.1692409548073572
30618_082f1d65,458,0.03139700544687254,0.02663193688643263,-0.02663193688643263,0.029505152975666225,0.028034730495239954,0.028684251459873626,0.032991267613492276,0.031350861335714075,0.639937670425566,0.06915869230728662,-0.5707789781182794,-57.07789781182794
30618_095a115b,26478,0.028727963301705003,0.02305385398253648,-0.007753192188073407,0.04834808989264544,0.049092957306592404,0.04768549793935883,0.03117946369216071,0.030869037191506705,5445.7230880970055,5433.084176295706,-12.6389118012994,-0.2320887712584012
30618_0a83c933,0,,,,,,,,,,,,
30618_0d865417,280,0.040834096486748114,0.022253671960133493,-0.0011149715652652378,0.0377871911065324,0.04051943249503524,0.0387058973939099,0.04354083029743094,0.04436148011962268,2.0424477410906796,1.8750941964347874,-0.16735354465589225,-8.193773641744412
30618_0e41eac3,26494,0.027505537998972183,0.019775227278274705,-0.004777849285787108,0.04818516654466274,0.048478465732182216,0.047664649642372804,0.02708960798661231,0.03444443308130317,5342.115032978772,5332.681737064532,-9.433295914240261,-0.17658354146260755
30618_0f120b35,26404,0.04384815242859051,0.019961246200131285,-0.002921686569744319,0.060107484133311614,0.05974417513445931,0.05943197652209149,0.0727791385503985,0.03004031238308763,5414.774414076402,5407.835728197687,-6.93868587871475,-0.12814358176541474
30618_117c2d02,0,,,,,,,,,,,,
30618_1551d0a9,70,0.00450630191320466,0.0042973566169263455,-0.0042973566169263455,0.004213962696704247,0.004519225739320185,0.004519225739320185,0.004401393941881894,0.0045652065021064255,0.014811308829958205,0.0,-0.014811308829958205,-1.4811308829958205
30618_1cc230fa,26274,0.04647962707123735,0.03166128263736704,-0.010093670139363032,0.07081760160707189,0.07065150729137874,0.07031768452660875,0.04709825322992079,0.04846079574032104,5478.171328409381,5462.167873792728,-16.00345461665347,-0.2921313273584703
30618_20096314,0,,,,,,,,,,,,
30618_2050d396,26862,0.03566969534525235,0.02326371556663437,-0.006984030536497723,0.0859370430953454,0.14012435147947602,0.09668066330138497,0.03670690456813814,0.03664460091947411,5369.055136562788,5364.454762598103,-4.600373964684877,-0.08568312017056297
30618_2161b58b,0,,,,,,,,,,,,
30618_21dd3af3,21532,0.05551789889833489,0.03744629895998,-0.012596779391395392,0.07267160889693647,0.071984775075991,0.07184537374808439,0.05690450282460937,0.0567299665782457,5438.904631848699,5427.250631873338,-11.65399997536133,-0.21427108515782345
30618_2255aade,0,,,,,,,,,,,,
30618_22c1c589,23088,0.025250478638862768,0.019253796173715396,-0.006221706393700364,0.045155802720818365,0.044809120642253654,0.04427024312783177,0.02647111839832535,0.02794149677918102,5424.609885794051,5415.755317756804,-8.854568037246281,-0.16322958191767103
30618_2366c74a,21662,0.08718397805586259,0.03516849507829928,-0.008252741957089948,0.10283810714832226,0.10355568204993333,0.10292357294718907,0.08755221626888146,0.08783405979350516,4562.319105467071,4551.8081200426,-10.510985424470164,-0.23038689713472144
30618_27e994fc,38001,0.14391924173926723,0.048958425668722494,-0.029856846737919256,0.14846560485616195,0.14855708819982152,0.14822392889349795,0.17604371230650148,0.196956203505375,5672.371835983215,5619.706414239049,-52.66542174416554,-0.9284550319864008
30618_28538acf,25798,0.13077244610198768,0.043483929132705476,-0.012170229875515862,0.14211047752199435,0.14197698687716007,0.14179394008671548,0.13983331241203947,0.12835820492478264,5466.9028855415245,5452.643085754698,-14.259799786826079,-0.26083872505837596
30618_2cb9ce37,14966,0.04949145461746234,0.03528193566339425,-0.011569288798067527,0.07174346358301117,0.07139583466251505,0.07104941582530933,0.05154657418213939,0.0501333826905956,3968.020350349353,3959.0535466882,-8.96680366115288,-0.22597675589953625
30618_2d2fa7be,0,,,,,,,,,,,,
30618_2dbce472,27428,0.06991705741013372,0.028039606311896552,-0.004617317703321216,0.0812049674709632,0.08183049517993476,0.08112970520406107,0.11536056835339906,0.06779050043610155,5438.64490626283,5428.583033625959,-10.061872636871158,-0.18500697894956306
30618_2f104a1d,25012,0.03837186623672358,0.021394481766882047,-0.0026087235898495115,0.05758256485636157,0.0574225939830988,0.05699609367536212,0.02897939258335374,0.060179354672956334,5412.8944758113785,5407.696279896337,-5.1981959150416515,-0.09603357202455819
30618_2f2f1175,0,,,,,,,,,,,,
30618_33bec73f,23598,0.12399413111696117,0.03302052226031934,0.0044928397579863935,0.06677607114121584,0.1402803551845639,0.0945042363711663,0.12393858178301516,0.12463899067092937,5375.183810229761,5377.346780534376,2.1629703046155555,0.040239931897754024
30618_3b36e5cd,25154,0.04144375488619051,0.03046933998830742,-0.012957202343951396,0.06565588108737937,0.06536015959048207,0.06502850542688302,0.042696344312113596,0.04298646338518143,5446.525987229104,5429.067131125301,-17.458856103803555,-0.32055031307554027
30618_3ba2326f,0,,,,,,,,,,,,
30618_3e012faf,0,,,,,,,,,,,,
30618_3e9f4952,26455,0.09098425728465953,0.029967852954497314,-0.0026469595202354007,0.10550524606336559,0.10626623580890963,0.10547396392990242,0.03398500073972385,0.1705776629111889,5466.345432657257,5469.42419536752,3.0787627102627084,0.05632213968530862
30618_40ffd323,25598,0.2041862810823333,0.07825480552608376,-0.006713809704124411,0.18857759745863478,0.18860547178092113,0.18840741253497836,0.20256183771518732,0.2095832797436109,5480.0982142657485,5485.55236199285,5.454147727101372,0.09952645945109483
30618_437e855c,23007,0.03525790079447599,0.026892845570816733,-0.009563339242873595,0.05913791407727532,0.060347124158003085,0.059010148911147774,0.03656298816808012,0.0373120594492018,5439.746221682285,5436.021922479091,-3.7242992031942777,-0.0684645763133139
30618_45ff6f99,312,0.007978336970316737,0.00754005046784032,-0.00754005046784032,0.008418236626821372,0.008418236626821372,0.008418236626821372,0.004886003658161906,0.012333212929653309,0.11736575198072897,0.0,-0.11736575198072897,-11.736575198072897
30618_46e21b9b,0,,,,,,,,,,,,
30618_49fe4c54,27640,0.5915253514596351,0.06445149022734545,-0.04873277417847574,0.5894944850127883,0.5898618831684812,0.5895997477920624,0.041201940912822914,1.184142932362976,5587.125920629745,5518.790010530205,-68.33591009954034,-1.2230959364495217
30618_4d487b0d,21498,0.42790354667809505,0.13427011523673577,0.0813458213490238,0.4265152860179649,0.4272408480435982,0.4267394812475681,0.7832024505043926,0.3092270289796898,5395.4598952490815,5486.759388879301,91.29949363021933,1.6921540592047064
30618_4e1e3181,0,,,,,,,,,,,,
30618_5036aa78,0,,,,,,,,,,,,
30618_5eb8d2c9,14966,0.04949145461746234,0.03528193566339425,-0.011569288798067527,0.07174346358301117,0.07139583466251505,0.07104941582530933,0.05154657418213939,0.0501333826905956,3968.020350349353,3959.0535466882,-8.96680366115288,-0.22597675589953625
30618_616ec56b,24838,0.19643331198503391,0.03287463047506113,0.0036445123336600617,0.05343632604298905,0.05289087589738059,0.05258027617948532,0.19656649176677832,0.19709288463739352,5402.125680326136,5398.837522853109,-3.2881574730272405,-0.06086784476344743
30618_6236f680,0,,,,,,,,,,,,
30618_67b89902,19715,0.03409807770758436,0.025766353784468607,-0.005760060460581792,0.05964603322884515,0.060122056488376506,0.059138372880311145,0.0349983119927356,0.03514896775154029,5390.5397483555835,5394.216133739356,3.6763853837728675,0.06820069149651241
30618_68847170,24258,0.03612681135334718,0.022682897531209684,-0.005514405648984118,0.05463065109825423,0.054272280695466545,0.05388101756184947,0.029179453664514028,0.054378659651296644,5413.395833353584,5404.806721604662,-8.589111748921823,-0.15866402556416961
30618_68d1748a,25176,0.2243120904780346,0.0443914711500787,-0.004121845255471033,0.22354216207391048,0.2312795483255153,0.22667456131358776,0.13120224057853327,0.4165901757760698,5437.341550217527,5430.238224533462,-7.103325684064657,-0.13063968151459018
30618_6cb3280a,24524,0.03705565206427773,0.026652877626842014,-0.01014682076053006,0.05874589536738241,0.058225258459210096,0.05793632897702953,0.03881898928770853,0.038323124562492546,5425.700092355939,5412.475653493486,-13.224438862453098,-0.24373700420862746
30618_74559c73,0,,,,,,,,,,,,
30618_748832b9,22280,0.07162908535402146,0.03862316914954118,-0.012249273797310833,0.09144268824499989,0.09142164744973495,0.091075310096876,0.07278437462488906,0.0719998169579487,5424.562777051607,5409.744758772488,-14.818018279118405,-0.273165209587129
30618_76e1f9c7,25952,0.028655660564918223,0.021840848264152977,-0.004401666405166871,0.05098945857490447,0.05067787023957745,0.05018040256699319,0.029559410010200612,0.031013443551642397,5469.8748188059335,5461.210762446467,-8.664056359466485,-0.1583958800972677
30618_7849303f,22280,0.07162908535402146,0.03862316914954118,-0.012249273797310833,0.09144268824499989,0.09142164744973495,0.091075310096876,0.07278437462488906,0.0719998169579487,5424.562777051607,5409.744758772488,-14.818018279118405,-0.273165209587129
30618_79b204dc,0,,,,,,,,,,,,
30618_7a152380,0,,,,,,,,,,,,
30618_7b4d83f4,23180,0.027742683406678487,0.02192731364434366,-0.004809225000195221,0.04985786300257079,0.049656029419342905,0.04901404642794353,0.028008611709381022,0.031943588274700195,5423.856090915754,5416.481584140457,-7.37450677529705,-0.13596427802810584
30618_7bfbb5ed,0,,,,,,,,,,,,
30618_7d88fa79,0,,,,,,,,,,,,
30618_8158f0b0,23670,0.027290339794392774,0.021384390231945802,-0.010639209448872755,0.047743367206932855,0.04790764499042082,0.047053604078028236,0.028848588826012694,0.02956442144236616,5527.078446904248,5512.191618112068,-14.886828792180495,-0.2693435408089549
30618_81c22fee,0,,,,,,,,,,,,
30618_87afe526,24358,0.10076675574113098,0.028845665564156932,-0.009769968797376623,0.10912208148228704,0.10902282883008746,0.1087276000938571,0.07311538374983603,0.18005399544004957,5450.858374255484,5439.022846775307,-11.835527480177007,-0.2171314436653949
30618_88548b02,25111,0.05488348760852366,0.040453064590167655,-0.031731678747544206,0.07458462765503084,0.07528135279647637,0.07417296218723281,0.055424609543533454,0.05582053501006685,5377.1573155134265,5333.795929983497,-43.361385529929066,-0.8063997942710143
30618_887a2b9a,0,,,,,,,,,,,,
30618_8eb8615c,0,,,,,,,,,,,,
30618_8f08df08,0,,,,,,,,,,,,
30618_92b1b453,0,,,,,,,,,,,,
30618_93dc866e,21662,0.08718397805586259,0.03516849507829928,-0.008252741957089948,0.10283810714832226,0.10355568204993333,0.10292357294718907,0.08755221626888146,0.08783405979350516,4562.319105467071,4551.8081200426,-10.510985424470164,-0.23038689713472144
30618_95c49c30,0,,,,,,,,,,,,
30618_98161270,820,0.01194485059706937,0.010873313838634054,-0.010873313838634054,0.012185425769815723,0.012185425769815723,0.012185425769815723,0.006788629432779355,0.0183726574914363,0.4454354475715454,0.0,-0.4454354475715454,-44.54354475715454
30618_9bbe6faa,0,,,,,,,,,,,,
30618_9c09b081,26618,0.0289122732980039,0.022422942756574422,-0.010440064546362622,0.05078749037054516,0.05078871926136381,0.05012789209105216,0.030997316423369243,0.03106389082089276,5486.545125217558,5469.971496461355,-16.573628756203107,-0.302077689656219
30618_9c10cd0d,0,,,,,,,,,,,,
30618_a395846d,26274,0.04647962707123735,0.03166128263736704,-0.010093670139363032,0.07081760160707189,0.07065150729137874,0.07031768452660875,0.04709825322992079,0.04846079574032104,5478.171328409381,5462.167873792728,-16.00345461665347,-0.2921313273584703
30618_a53d5f6f,24251,0.04484222806737026,0.027636067176964443,-0.00959561706075934,0.06727287562972264,0.06832681306754658,0.06711294866950303,0.06884421859280189,0.03452359608819874,5446.2647587662605,5440.155230258403,-6.109528507857249,-0.11217832364876137
30618_a869780d,21727,0.02822598518868865,0.022238001534541526,-0.00614635699478925,0.052782881648485734,0.052544105783393955,0.0520705569187595,0.0293342758929067,0.03029288175763139,5309.708384502921,5300.525196724279,-9.183187778641695,-0.17295088757499436
30618_ab5921a4,23074,0.037743651263656926,0.02690353552037982,-0.008764779978303624,0.061567806319635925,0.06154224162988041,0.06092582294216432,0.03519358761682728,0.04983006231463139,5467.407562443632,5454.665660711177,-12.741901732454608,-0.23305198280772899
30618_ae4eb346,25154,0.04144375488619051,0.03046933998830742,-0.012957202343951396,0.06565588108737937,0.06536015959048207,0.06502850542688302,0.042696344312113596,0.04298646338518143,5446.525987229104,5429.067131125301,-17.458856103803555,-0.32055031307554027
30618_af7496f0,5300,0.181656659841919,0.0687122764821264,0.009519729591637707,0.19718751157008466,0.19710358155955843,0.196850828969155,0.18215830791736265,0.18310847235331518,446.55057264928655,448.8628079637327,2.312235314446127,0.5177992048533591
30618_b1098bdb,0,,,,,,,,,,,,
30618_b15eafc3,25150,0.032314545079226965,0.024250618629525184,-0.0050231613827702495,0.05298432738397137,0.05288218644046662,0.05232907854457432,0.03356689732513349,0.034226546230993,5416.021993695679,5406.768504886055,-9.253488809624287,-0.1708539740125773
30618_b3042f78,21498,0.42790354667809505,0.13427011523673577,0.0813458213490238,0.4265152860179649,0.4272408480435982,0.4267394812475681,0.7832024505043926,0.3092270289796898,5395.4598952490815,5486.759388879301,91.29949363021933,1.6921540592047064
30618_b8044aa0,25474,0.030204688327816535,0.021898154191636838,-0.0024005889826861962,0.05326871212565825,0.05304384734324286,0.052553150568422816,0.03152434138323876,0.03146311267626623,5413.41226097085,5407.733416526855,-5.678844443995331,-0.10490323238335589
30618_b83d854d,24102,0.036891825811281115,0.026228156861890464,-0.002135150419575613,0.05922270605134259,0.05925549394479366,0.05860001544020083,0.03632703532021777,0.04179163287284162,5428.006277347295,5422.211867285749,-5.794410061545932,-0.10675024613968762
30618_b95ca60a,21760,0.05098557137919838,0.02074992757843338,-0.00142192676304815,0.06456142392341521,0.06429891184940374,0.06386225670361644,0.09057798775366076,0.029098576026879958,5412.092097626507,5408.0058650146475,-4.0862326118594865,-0.07550190458975226
30618_bab2fe58,1116,0.08859426562387127,0.07015510871488453,-0.06671581189545076,0.04358847974643646,0.043698517427502866,0.04195280273975718,0.0893133710594175,0.09067782111096269,157.6462580336688,157.3594050331025,-0.28685300056631036,-0.18195991718689994
30618_bc5e53c2,572,0.00688920997344857,0.005937023081635663,-0.005937023081635663,0.007044768373390592,0.007014735049201397,0.007014735049201397,0.01006016859162317,0.004686593133441273,0.16918862919615607,0.0,-0.16918862919615607,-16.918862919615606
30618_bcc9e7a2,0,,,,,,,,,,,,
30618_cfd9fd5a,0,,,,,,,,,,,,
30618_d4ba7005,23214,0.037703490757396145,0.026472865117419992,-0.007702792481826991,0.06141181604825652,0.06235363017908291,0.06121261160338469,0.038539836947466315,0.03850918590057369,5352.632167358427,5360.4633659951,7.831198636672525,0.14630556316626728
30618_dd8d0741,25353,0.10800367084192337,0.026893152634863006,-0.010477393773112709,0.1188866673763851,0.11926082558622263,0.1186951635275347,0.04842015630570338,0.20613607283466898,5469.842955107929,5478.392215977684,8.549260869755017,0.15629810471562847
30618_dd8e6395,24571,0.03233220309664942,0.02413861614825066,-0.00868492189874859,0.05900502736953818,0.059908062882420225,0.058696363821586085,0.03312384057884584,0.034262359026299316,5381.200209765262,5376.13881714269,-5.061392622572384,-0.09405694687567054
30618_ddad08d6,0,,,,,,,,,,,,
30618_defd0170,20951,0.11404312830700772,0.08854373720484095,-0.08465064852000659,0.1257413434404178,0.12712551569670025,0.12604138737914164,0.11440426529246386,0.11457100309399115,5211.422188345992,5123.188221052825,-88.23396729316755,-1.69308806894364
30618_e151d6e4,0,,,,,,,,,,,,
30618_e2dcf65f,21894,0.029205201824906307,0.02077903418287916,-0.004419396728362179,0.05091863720665589,0.050739568801878354,0.050203044374315574,0.030118349010131506,0.030926815573901104,5331.2866443103485,5323.873387795849,-7.413256514499153,-0.1390519214045773
30618_e392e5bd,0,,,,,,,,,,,,
30618_e3d94878,23414,0.038116031437375915,0.02520997313945862,-0.0072934525223959,0.047920183444186096,0.04770444033077284,0.047078989826545334,0.03914300530808848,0.0393527559789556,5416.184356117119,5411.6439140225075,-4.540442094611535,-0.08383101083853418
30618_e7dcdab1,0,,,,,,,,,,,,
30618_e9a34502,24075,0.03595532734575076,0.022980552155820615,-0.006582265444254781,0.05634581149587842,0.05679954151598185,0.05582488901364976,0.03599068561212687,0.0395578587283243,5390.984647577263,5388.444475908344,-2.540171668918447,-0.04711888152120807
30618_efb92709,25598,0.2041862810823333,0.07825480552608376,-0.006713809704124411,0.18857759745863478,0.18860547178092113,0.18840741253497836,0.20256183771518732,0.2095832797436109,5480.0982142657485,5485.55236199285,5.454147727101372,0.09952645945109483
30618_f19a4ac3,23928,0.02939993788117015,0.02206601400962651,-0.0031122403114372116,0.049996939489778895,0.05002687434311657,0.0494097009830002,0.03206845870322728,0.031021103823829152,5420.385763543959,5414.22995847937,-6.1558050645890035,-0.11356765612498053
30618_f28179bb,0,,,,,,,,,,,,
30618_f3a0694d,24524,0.03705565206427773,0.026652877626842014,-0.01014682076053006,0.05874589536738241,0.058225258459210096,0.05793632897702953,0.03881898928770853,0.038323124562492546,5425.700092355939,5412.475653493486,-13.224438862453098,-0.24373700420862746
30618_f3b8c99b,21532,0.05551789889833489,0.03744629895998,-0.012596779391395392,0.07267160889693647,0.071984775075991,0.07184537374808439,0.05690450282460937,0.0567299665782457,5438.904631848699,5427.250631873338,-11.65399997536133,-0.21427108515782345
30639_0ab96c59,1636,0.02949358466307785,0.008863279872174433,-0.003377791986137266,0.02195154645846567,0.02163634941517101,0.02165207975776126,0.029514480908659345,0.030031365473798203,2.127042098356942,1.6568122950619253,-0.47022980329501674,-22.10721657358127
30639_0be558e2,25827,0.051686216293084716,0.03767438302438994,-0.023051175260555955,0.0708873226646242,0.06996474613521664,0.06990089179831689,0.06335495163731798,0.04977251082410415,5547.706896126262,5516.203009434548,-31.503886691713888,-0.567872226878312
30639_253671cc,21630,0.05421143104623245,0.04328060491043625,0.023963283380804046,0.07062525341309615,0.07145528131760867,0.0703805428993762,0.0556367121662013,0.05545434082294961,5248.946595585464,5272.249037855004,23.302442269539824,0.44394512013397014
30639_2b4a6347,22223,0.04283084636608694,0.02849854784003204,-0.01849273234078218,0.058142236502009385,0.057376884154604735,0.05714317881495222,0.056780592284806815,0.03871299216477809,5411.101070614067,5390.204694954195,-20.89637565987232,-0.38617603676548845
30639_3b3d9eb8,24364,0.22270458991279754,0.12073783597143371,0.039676935314089945,0.21241845231919615,0.22376180492646291,0.21335519574219308,0.2228344096377223,0.2238253421003517,5447.516206818804,5492.135928523244,44.61972170444005,0.8190837807621084
30639_4285f2bc,25509,0.06096555272460812,0.03276601728755646,-0.018094780509428744,0.07172954023330858,0.07250058180030271,0.07129848880677703,0.09582881214714978,0.04619356648533805,5477.720849669804,5456.191673158028,-21.529176511776313,-0.3930316476984052
30639_44226bde,21652,0.05368653059340192,0.043019549433809465,0.024293053111226554,0.06852368860555183,0.07040906338903599,0.06845090758265325,0.054299699677253094,0.055172491155409745,5413.954886253863,5438.643471779267,24.68858552540405,0.4560175702255822
30639_50956d6e,22092,0.4755576427380948,0.09654172867626087,0.03752789933539688,0.48831762725281963,0.48309291161019213,0.48218997540843583,0.10116434098125954,0.9476926096290722,5412.683840089367,5451.636093296534,38.952253207167814,0.7196476712470369
30639_584b6e32,22804,0.1846844047868554,0.0399127294072534,-0.01839072739390158,0.1894105886883684,0.19091970750962983,0.18927240240436274,0.36368130315687447,0.04159227334403443,5481.940707766818,5458.274200124186,-23.666507642632496,-0.43171768729825494
30639_92226df0,24328,0.11609419388211163,0.06299585329237108,0.04459873133976105,0.12311769239284878,0.12400563527943492,0.12320593191854734,0.08960755406141388,0.1864382808842747,5417.150810327043,5468.487611142558,51.336800815515744,0.9476716195098223
30639_927002c2,22888,0.043673566154339594,0.03313569626334672,-0.01865590256024125,0.06824596573178054,0.06752463479537502,0.06760739491904122,0.04783827577023688,0.044432025924451696,5392.048019879448,5367.665228528751,-24.382791350696607,-0.4521990765067731
30639_9c362687,27156,0.09982568351933738,0.05253469733809093,0.01822580575396028,0.10693284870519099,0.1072129073854733,0.10677776221340221,0.08143988403549761,0.14089437118447937,5416.897178782539,5444.061531559663,27.164352777123895,0.5014744027913993
30639_9f0b519f,20616,0.037108116614239274,0.028577805270455822,-0.01862684489909836,0.057807668357773026,0.05747629064927206,0.05689100034725356,0.03894544059798482,0.03831209571751165,5391.383336537506,5370.319449425524,-21.063887111981785,-0.3906954077858168
30639_c31df386,27211,0.07418496330025028,0.055938117206691014,0.031018932896087262,0.08423680111909482,0.08439326412044378,0.08348951394469181,0.07971350903679296,0.07332932930917661,5434.357968146545,5476.169095474721,41.811127328175644,0.7693848578479979
30639_d3c43d69,21976,0.12912687775158235,0.048643736341556935,0.025406002883754684,0.13235731648515595,0.13262561703710601,0.13215027572423296,0.11944806519137824,0.2187142690899837,5218.786513319761,5242.964891841063,24.178378521301966,0.4632950295934155
30639_d601d28f,20146,0.13220834108133203,0.09839932742729744,0.08668227982000448,0.1368328347023553,0.13494862804258512,0.1355728413931114,0.16226847490487287,0.11592705651212941,5419.636539375076,5505.147126947308,85.510587572232,1.5777919229633801
30639_d927f360,21927,0.0439674723666313,0.029400752953934396,-0.01541804639502548,0.05940961465313511,0.06023502576129295,0.05912791865699076,0.06034644150231144,0.03859835181883881,5406.130884518739,5387.073014369359,-19.057870149379596,-0.35252328433176944
30639_dce52be4,22936,0.2106384216767734,0.06567863789898964,0.04730459701723232,0.21265958179526,0.2131307718347088,0.2126616419169982,0.39099876466227673,0.11075971830299107,5188.072463692758,5238.973065452949,50.90060176019142,0.9811081498264477
30639_e4379d7f,28690,0.5724152580003166,0.06226920115943879,0.003364553027764005,0.5568073458028014,0.5568717664157969,0.556712638044926,nan,0.5724152580003166,5388.657131527707,5389.451419999207,0.7942884715002947,0.014740007614385191
